Metric,Value
design__instance__count,884
design__instance__area,5860.62
design__instance_unmapped__count,0
synthesis__check_error__count,0
design__max_slew_violation__count__corner:nom_tt_025C_1v80,0
design__max_fanout_violation__count__corner:nom_tt_025C_1v80,2
design__max_cap_violation__count__corner:nom_tt_025C_1v80,0
power__internal__total,0.0004541950474958867
power__switching__total,0.00028070376720279455
power__leakage__total,6.537829833064279E-9
power__total,0.000734905363060534
clock__skew__worst_hold__corner:nom_tt_025C_1v80,-0.25631808512280013
clock__skew__worst_setup__corner:nom_tt_025C_1v80,0.25164343543425655
timing__hold__ws__corner:nom_tt_025C_1v80,0.5960950790584287
timing__setup__ws__corner:nom_tt_025C_1v80,12.523883617981573
timing__hold__tns__corner:nom_tt_025C_1v80,0.0
timing__setup__tns__corner:nom_tt_025C_1v80,0.0
timing__hold__wns__corner:nom_tt_025C_1v80,0
timing__setup__wns__corner:nom_tt_025C_1v80,0.0
timing__hold_vio__count__corner:nom_tt_025C_1v80,0
timing__hold_r2r__ws__corner:nom_tt_025C_1v80,0.596095
timing__hold_r2r_vio__count__corner:nom_tt_025C_1v80,0
timing__setup_vio__count__corner:nom_tt_025C_1v80,0
timing__setup_r2r__ws__corner:nom_tt_025C_1v80,Infinity
timing__setup_r2r_vio__count__corner:nom_tt_025C_1v80,0
design__max_slew_violation__count__corner:nom_ss_100C_1v60,0
design__max_fanout_violation__count__corner:nom_ss_100C_1v60,2
design__max_cap_violation__count__corner:nom_ss_100C_1v60,0
clock__skew__worst_hold__corner:nom_ss_100C_1v60,-0.26058814177415196
clock__skew__worst_setup__corner:nom_ss_100C_1v60,0.25372807351097715
timing__hold__ws__corner:nom_ss_100C_1v60,1.4312673673580432
timing__setup__ws__corner:nom_ss_100C_1v60,8.745779459296946
timing__hold__tns__corner:nom_ss_100C_1v60,0.0
timing__setup__tns__corner:nom_ss_100C_1v60,0.0
timing__hold__wns__corner:nom_ss_100C_1v60,0
timing__setup__wns__corner:nom_ss_100C_1v60,0.0
timing__hold_vio__count__corner:nom_ss_100C_1v60,0
timing__hold_r2r__ws__corner:nom_ss_100C_1v60,1.431267
timing__hold_r2r_vio__count__corner:nom_ss_100C_1v60,0
timing__setup_vio__count__corner:nom_ss_100C_1v60,0
timing__setup_r2r__ws__corner:nom_ss_100C_1v60,9.033504
timing__setup_r2r_vio__count__corner:nom_ss_100C_1v60,0
design__max_slew_violation__count__corner:nom_ff_n40C_1v95,0
design__max_fanout_violation__count__corner:nom_ff_n40C_1v95,2
design__max_cap_violation__count__corner:nom_ff_n40C_1v95,0
clock__skew__worst_hold__corner:nom_ff_n40C_1v95,-0.2551140204629652
clock__skew__worst_setup__corner:nom_ff_n40C_1v95,0.2509781342679339
timing__hold__ws__corner:nom_ff_n40C_1v95,0.28867781204789633
timing__setup__ws__corner:nom_ff_n40C_1v95,13.797582134024129
timing__hold__tns__corner:nom_ff_n40C_1v95,0.0
timing__setup__tns__corner:nom_ff_n40C_1v95,0.0
timing__hold__wns__corner:nom_ff_n40C_1v95,0
timing__setup__wns__corner:nom_ff_n40C_1v95,0.0
timing__hold_vio__count__corner:nom_ff_n40C_1v95,0
timing__hold_r2r__ws__corner:nom_ff_n40C_1v95,0.288678
timing__hold_r2r_vio__count__corner:nom_ff_n40C_1v95,0
timing__setup_vio__count__corner:nom_ff_n40C_1v95,0
timing__setup_r2r__ws__corner:nom_ff_n40C_1v95,Infinity
timing__setup_r2r_vio__count__corner:nom_ff_n40C_1v95,0
design__max_slew_violation__count,0
design__max_fanout_violation__count,2
design__max_cap_violation__count,0
clock__skew__worst_hold,-0.25470154484207574
clock__skew__worst_setup,0.25094760313389325
timing__hold__ws,0.28240971471819376
timing__setup__ws,8.69726271174868
timing__hold__tns,0.0
timing__setup__tns,0.0
timing__hold__wns,0
timing__setup__wns,0.0
timing__hold_vio__count,0
timing__hold_r2r__ws,0.282410
timing__hold_r2r_vio__count,0
timing__setup_vio__count,0
timing__setup_r2r__ws,8.974212
timing__setup_r2r_vio__count,0
design__die__bbox,0.0 0.0 129.44 140.16
design__core__bbox,5.52 10.88 123.74 127.84
design__io,55
design__die__area,18142.3
design__core__area,13827
design__instance__count__stdcell,884
design__instance__area__stdcell,5860.62
design__instance__count__macros,0
design__instance__area__macros,0
design__instance__utilization,0.423853
design__instance__utilization__stdcell,0.423853
design__instance__count__class:inverter,16
design__instance__count__class:sequential_cell,70
design__instance__count__class:multi_input_combinational_cell,510
flow__warnings__count,1
flow__errors__count,0
design__instance__count__class:fill_cell,1079
design__instance__count__class:tap_cell,202
design__power_grid_violation__count__net:VGND,0
design__power_grid_violation__count__net:VPWR,0
design__power_grid_violation__count,0
floorplan__design__io,53
design__io__hpwl,2392052
timing__drv__floating__nets,0
timing__drv__floating__pins,0
design__instance__displacement__total,0
design__instance__displacement__mean,0
design__instance__displacement__max,0
route__wirelength__estimated,10241.5
design__violations,0
design__instance__count__class:timing_repair_buffer,70
design__instance__count__class:clock_buffer,10
design__instance__count__class:clock_inverter,6
design__instance__count__setup_buffer,0
design__instance__count__hold_buffer,3
antenna__violating__nets,0
antenna__violating__pins,0
route__antenna_violation__count,0
antenna_diodes_count,0
route__net,718
route__net__special,2
route__drc_errors__iter:1,166
route__wirelength__iter:1,10910
route__drc_errors__iter:2,49
route__wirelength__iter:2,10876
route__drc_errors__iter:3,24
route__wirelength__iter:3,10882
route__drc_errors__iter:4,0
route__wirelength__iter:4,10895
route__drc_errors,0
route__wirelength,10895
route__vias,4141
route__vias__singlecut,4141
route__vias__multicut,0
design__disconnected_pin__count,0
design__critical_disconnected_pin__count,0
route__wirelength__max,212.77
timing__unannotated_net__count__corner:nom_tt_025C_1v80,7
timing__unannotated_net_filtered__count__corner:nom_tt_025C_1v80,0
timing__unannotated_net__count__corner:nom_ss_100C_1v60,7
timing__unannotated_net_filtered__count__corner:nom_ss_100C_1v60,0
timing__unannotated_net__count__corner:nom_ff_n40C_1v95,7
timing__unannotated_net_filtered__count__corner:nom_ff_n40C_1v95,0
design__max_slew_violation__count__corner:min_tt_025C_1v80,0
design__max_fanout_violation__count__corner:min_tt_025C_1v80,2
design__max_cap_violation__count__corner:min_tt_025C_1v80,0
clock__skew__worst_hold__corner:min_tt_025C_1v80,-0.25570998819943913
clock__skew__worst_setup__corner:min_tt_025C_1v80,0.25156150097272195
timing__hold__ws__corner:min_tt_025C_1v80,0.5858814710322265
timing__setup__ws__corner:min_tt_025C_1v80,12.554486694476275
timing__hold__tns__corner:min_tt_025C_1v80,0.0
timing__setup__tns__corner:min_tt_025C_1v80,0.0
timing__hold__wns__corner:min_tt_025C_1v80,0
timing__setup__wns__corner:min_tt_025C_1v80,0.0
timing__hold_vio__count__corner:min_tt_025C_1v80,0
timing__hold_r2r__ws__corner:min_tt_025C_1v80,0.585881
timing__hold_r2r_vio__count__corner:min_tt_025C_1v80,0
timing__setup_vio__count__corner:min_tt_025C_1v80,0
timing__setup_r2r__ws__corner:min_tt_025C_1v80,Infinity
timing__setup_r2r_vio__count__corner:min_tt_025C_1v80,0
timing__unannotated_net__count__corner:min_tt_025C_1v80,7
timing__unannotated_net_filtered__count__corner:min_tt_025C_1v80,0
design__max_slew_violation__count__corner:min_ss_100C_1v60,0
design__max_fanout_violation__count__corner:min_ss_100C_1v60,2
design__max_cap_violation__count__corner:min_ss_100C_1v60,0
clock__skew__worst_hold__corner:min_ss_100C_1v60,-0.25945865634810555
clock__skew__worst_setup__corner:min_ss_100C_1v60,0.2534766634999404
timing__hold__ws__corner:min_ss_100C_1v60,1.4145149896210798
timing__setup__ws__corner:min_ss_100C_1v60,8.792849364158602
timing__hold__tns__corner:min_ss_100C_1v60,0.0
timing__setup__tns__corner:min_ss_100C_1v60,0.0
timing__hold__wns__corner:min_ss_100C_1v60,0
timing__setup__wns__corner:min_ss_100C_1v60,0.0
timing__hold_vio__count__corner:min_ss_100C_1v60,0
timing__hold_r2r__ws__corner:min_ss_100C_1v60,1.414515
timing__hold_r2r_vio__count__corner:min_ss_100C_1v60,0
timing__setup_vio__count__corner:min_ss_100C_1v60,0
timing__setup_r2r__ws__corner:min_ss_100C_1v60,9.113598
timing__setup_r2r_vio__count__corner:min_ss_100C_1v60,0
timing__unannotated_net__count__corner:min_ss_100C_1v60,7
timing__unannotated_net_filtered__count__corner:min_ss_100C_1v60,0
design__max_slew_violation__count__corner:min_ff_n40C_1v95,0
design__max_fanout_violation__count__corner:min_ff_n40C_1v95,2
design__max_cap_violation__count__corner:min_ff_n40C_1v95,0
clock__skew__worst_hold__corner:min_ff_n40C_1v95,-0.25470154484207574
clock__skew__worst_setup__corner:min_ff_n40C_1v95,0.25094760313389325
timing__hold__ws__corner:min_ff_n40C_1v95,0.28240971471819376
timing__setup__ws__corner:min_ff_n40C_1v95,13.818061752604777
timing__hold__tns__corner:min_ff_n40C_1v95,0.0
timing__setup__tns__corner:min_ff_n40C_1v95,0.0
timing__hold__wns__corner:min_ff_n40C_1v95,0
timing__setup__wns__corner:min_ff_n40C_1v95,0.0
timing__hold_vio__count__corner:min_ff_n40C_1v95,0
timing__hold_r2r__ws__corner:min_ff_n40C_1v95,0.282410
timing__hold_r2r_vio__count__corner:min_ff_n40C_1v95,0
timing__setup_vio__count__corner:min_ff_n40C_1v95,0
timing__setup_r2r__ws__corner:min_ff_n40C_1v95,Infinity
timing__setup_r2r_vio__count__corner:min_ff_n40C_1v95,0
timing__unannotated_net__count__corner:min_ff_n40C_1v95,7
timing__unannotated_net_filtered__count__corner:min_ff_n40C_1v95,0
design__max_slew_violation__count__corner:max_tt_025C_1v80,0
design__max_fanout_violation__count__corner:max_tt_025C_1v80,2
design__max_cap_violation__count__corner:max_tt_025C_1v80,0
clock__skew__worst_hold__corner:max_tt_025C_1v80,-0.2567499618915936
clock__skew__worst_setup__corner:max_tt_025C_1v80,0.2519382551667838
timing__hold__ws__corner:max_tt_025C_1v80,0.6025035640935656
timing__setup__ws__corner:max_tt_025C_1v80,12.496747101957002
timing__hold__tns__corner:max_tt_025C_1v80,0.0
timing__setup__tns__corner:max_tt_025C_1v80,0.0
timing__hold__wns__corner:max_tt_025C_1v80,0
timing__setup__wns__corner:max_tt_025C_1v80,0.0
timing__hold_vio__count__corner:max_tt_025C_1v80,0
timing__hold_r2r__ws__corner:max_tt_025C_1v80,0.602504
timing__hold_r2r_vio__count__corner:max_tt_025C_1v80,0
timing__setup_vio__count__corner:max_tt_025C_1v80,0
timing__setup_r2r__ws__corner:max_tt_025C_1v80,Infinity
timing__setup_r2r_vio__count__corner:max_tt_025C_1v80,0
timing__unannotated_net__count__corner:max_tt_025C_1v80,7
timing__unannotated_net_filtered__count__corner:max_tt_025C_1v80,0
design__max_slew_violation__count__corner:max_ss_100C_1v60,0
design__max_fanout_violation__count__corner:max_ss_100C_1v60,2
design__max_cap_violation__count__corner:max_ss_100C_1v60,0
clock__skew__worst_hold__corner:max_ss_100C_1v60,-0.2611724521685376
clock__skew__worst_setup__corner:max_ss_100C_1v60,0.25411448664562647
timing__hold__ws__corner:max_ss_100C_1v60,1.4419503776923326
timing__setup__ws__corner:max_ss_100C_1v60,8.69726271174868
timing__hold__tns__corner:max_ss_100C_1v60,0.0
timing__setup__tns__corner:max_ss_100C_1v60,0.0
timing__hold__wns__corner:max_ss_100C_1v60,0
timing__setup__wns__corner:max_ss_100C_1v60,0.0
timing__hold_vio__count__corner:max_ss_100C_1v60,0
timing__hold_r2r__ws__corner:max_ss_100C_1v60,1.441950
timing__hold_r2r_vio__count__corner:max_ss_100C_1v60,0
timing__setup_vio__count__corner:max_ss_100C_1v60,0
timing__setup_r2r__ws__corner:max_ss_100C_1v60,8.974212
timing__setup_r2r_vio__count__corner:max_ss_100C_1v60,0
timing__unannotated_net__count__corner:max_ss_100C_1v60,7
timing__unannotated_net_filtered__count__corner:max_ss_100C_1v60,0
design__max_slew_violation__count__corner:max_ff_n40C_1v95,0
design__max_fanout_violation__count__corner:max_ff_n40C_1v95,2
design__max_cap_violation__count__corner:max_ff_n40C_1v95,0
clock__skew__worst_hold__corner:max_ff_n40C_1v95,-0.2558199557931384
clock__skew__worst_setup__corner:max_ff_n40C_1v95,0.2513160861661877
timing__hold__ws__corner:max_ff_n40C_1v95,0.2932559278417186
timing__setup__ws__corner:max_ff_n40C_1v95,13.78103892231092
timing__hold__tns__corner:max_ff_n40C_1v95,0.0
timing__setup__tns__corner:max_ff_n40C_1v95,0.0
timing__hold__wns__corner:max_ff_n40C_1v95,0
timing__setup__wns__corner:max_ff_n40C_1v95,0.0
timing__hold_vio__count__corner:max_ff_n40C_1v95,0
timing__hold_r2r__ws__corner:max_ff_n40C_1v95,0.293256
timing__hold_r2r_vio__count__corner:max_ff_n40C_1v95,0
timing__setup_vio__count__corner:max_ff_n40C_1v95,0
timing__setup_r2r__ws__corner:max_ff_n40C_1v95,Infinity
timing__setup_r2r_vio__count__corner:max_ff_n40C_1v95,0
timing__unannotated_net__count__corner:max_ff_n40C_1v95,7
timing__unannotated_net_filtered__count__corner:max_ff_n40C_1v95,0
timing__unannotated_net__count,7
timing__unannotated_net_filtered__count,0
design_powergrid__voltage__worst__net:VPWR__corner:nom_tt_025C_1v80,1.79939
design_powergrid__drop__average__net:VPWR__corner:nom_tt_025C_1v80,1.79985
design_powergrid__drop__worst__net:VPWR__corner:nom_tt_025C_1v80,0.000608045
design_powergrid__voltage__worst__net:VGND__corner:nom_tt_025C_1v80,0.000509127
design_powergrid__drop__average__net:VGND__corner:nom_tt_025C_1v80,0.000138606
design_powergrid__drop__worst__net:VGND__corner:nom_tt_025C_1v80,0.000509127
design_powergrid__voltage__worst,0.000509127
design_powergrid__voltage__worst__net:VPWR,1.79939
design_powergrid__drop__worst,0.000608045
design_powergrid__drop__worst__net:VPWR,0.000608045
design_powergrid__voltage__worst__net:VGND,0.000509127
design_powergrid__drop__worst__net:VGND,0.000509127
ir__voltage__worst,1.8000000000000000444089209850062616169452667236328125
ir__drop__avg,0.0001489999999999999896575786362262761031161062419414520263671875
ir__drop__worst,0.000608000000000000033473224192448469693772494792938232421875
design__xor_difference__count,0
magic__drc_error__count,0
klayout__drc_error__count,0
magic__illegal_overlap__count,0
design__lvs_device_difference__count,0
design__lvs_net_difference__count,0
design__lvs_property_fail__count,0
design__lvs_error__count,0
design__lvs_unmatched_device__count,0
design__lvs_unmatched_net__count,0
design__lvs_unmatched_pin__count,0
